City_ID,City,Lat,Lng,Max Temp,Humidity,Cloudiness,Wind Speed,Country,Date
0,ushuaia,-54.8,-68.3,13.81,44,40,4.12,AR,1667874945
1,anchorage,61.2181,-149.9003,0.56,65,100,5.66,US,1667875270
2,kapaa,22.0752,-159.319,26.72,77,40,5.66,US,1667875224
3,souillac,-20.5167,57.5167,23.21,78,40,2.57,MU,1667875374
4,nikolskoye,59.7035,30.7861,3.94,92,100,4.41,RU,1667875272
5,hermanus,-34.4187,19.2345,11.0,86,62,2.86,ZA,1667875412
6,yellowknife,62.456,-114.3525,-14.69,85,75,1.03,CA,1667875694
7,darhan,49.4867,105.9228,1.56,48,61,1.97,MN,1667875413
8,hilo,19.7297,-155.09,26.85,79,100,3.09,US,1667875413
9,goderich,43.7501,-81.7165,8.84,61,39,5.66,CA,1667875406
10,marawi,7.9986,124.2928,27.99,64,76,1.49,PH,1667875694
11,arraial do cabo,-22.9661,-42.0278,19.79,81,100,2.47,BR,1667875695
12,black forest,39.0131,-104.7008,7.08,68,0,3.13,US,1667875695
13,ladushkin,54.5703,20.171,9.31,88,100,6.13,RU,1667875696
14,provideniya,64.3833,-173.3,0.2,86,100,8.05,RU,1667875696
15,atuona,-9.8,-139.0333,25.07,71,99,6.72,PF,1667875696
16,oktyabrskoye,43.0645,44.7417,0.08,100,55,2.0,RU,1667875697
17,howard springs,-12.497,131.047,34.37,61,67,4.26,AU,1667875697
18,broome,42.2506,-75.833,8.72,66,0,5.66,US,1667875698
19,rikitea,-23.1203,-134.9692,23.23,92,100,7.16,PF,1667875680
20,chokurdakh,70.6333,147.9167,-23.83,97,62,5.06,RU,1667875698
21,georgetown,5.4112,100.3354,29.96,76,20,2.24,MY,1667875698
22,san patricio,28.017,-97.5169,25.47,86,3,4.73,US,1667875699
23,yar-sale,66.8333,70.8333,-5.54,97,100,1.72,RU,1667875699
24,bredasdorp,-34.5322,20.0403,13.46,90,65,2.44,ZA,1667875676
25,albany,42.6001,-73.9662,9.8,56,4,0.45,US,1667875145
26,xichang,27.8964,102.2634,16.5,65,0,1.14,CN,1667875417
27,grand gaube,-20.0064,57.6608,23.22,77,62,1.34,MU,1667875418
28,leningradskiy,69.3833,178.4167,-8.21,89,100,3.94,RU,1667875701
29,lorengau,-2.0226,147.2712,28.94,74,100,2.8,PG,1667875485
30,tuktoyaktuk,69.4541,-133.0374,-17.0,78,20,4.63,CA,1667875666
31,mataura,-46.1927,168.8643,18.6,43,85,1.45,NZ,1667875702
32,shache,38.4167,77.2406,8.29,33,100,0.9,CN,1667875419
33,puerto ayora,-0.7393,-90.3518,19.19,86,87,0.89,EC,1667875224
34,williams lake,52.1415,-122.1445,-14.24,89,100,2.57,CA,1667875702
35,ulaangom,49.9811,92.0667,-2.02,75,91,0.91,MN,1667875703
36,custodia,-8.0875,-37.6431,21.93,85,99,3.95,BR,1667875703
37,tayoltita,24.0833,-105.9333,17.24,53,0,2.55,MX,1667875421
38,kruisfontein,-34.0033,24.7314,13.02,86,34,2.29,ZA,1667875704
39,punta arenas,-53.15,-70.9167,10.06,76,0,5.66,CL,1667875704
40,deputatskiy,69.3,139.9,-21.26,93,100,2.55,RU,1667875704
41,sao filipe,14.8961,-24.4956,25.26,67,100,2.27,CV,1667875705
42,saint-philippe,-21.3585,55.7679,23.77,77,14,3.33,RE,1667875705
43,verkhnevilyuysk,63.4453,120.3167,-17.91,87,96,2.38,RU,1667875705
44,hobart,-42.8794,147.3294,27.35,50,20,4.63,AU,1667875706
45,bone,51.9669,12.1396,9.38,83,57,3.89,DE,1667875706
46,bengkulu,-3.8004,102.2655,25.44,83,100,1.26,ID,1667875706
47,acapulco,16.8634,-99.8901,26.9,89,20,3.6,MX,1667875618
48,asfi,32.2994,-9.2372,18.27,78,95,2.18,MA,1667875697
49,kalmunai,7.4167,81.8167,26.53,80,99,3.74,LK,1667875424
50,busselton,-33.65,115.3333,20.2,55,90,2.95,AU,1667875708
51,lompoc,34.6391,-120.4579,12.23,92,0,1.54,US,1667875708
52,bow island,49.8668,-111.3684,-14.9,85,100,4.12,CA,1667875529
53,atar,20.5169,-13.0499,25.34,18,98,1.61,MR,1667875708
54,portland,45.5234,-122.6762,5.75,92,100,2.24,US,1667875443
55,jamestown,42.097,-79.2353,6.77,70,0,4.12,US,1667875709
56,kahului,20.8947,-156.47,29.01,67,40,10.8,US,1667875709
57,qaanaaq,77.484,-69.3632,-18.05,98,100,1.82,GL,1667875710
58,cape town,-33.9258,18.4232,16.18,87,0,2.06,ZA,1667875024
59,port-gentil,-0.7193,8.7815,25.84,85,100,4.11,GA,1667875710
60,durazno,-33.4131,-56.5006,10.95,90,0,3.88,UY,1667875711
61,rafaela,-31.2503,-61.4867,19.44,43,100,2.24,AR,1667875711
62,ayr,55.4627,-4.6339,11.29,76,20,7.72,GB,1667875711
63,east london,-33.0153,27.9116,19.7,85,100,5.88,ZA,1667875553
64,cherskiy,68.75,161.3,-20.94,99,39,1.7,RU,1667875649
65,iiyama,36.85,138.3667,13.25,60,27,2.46,JP,1667875712
66,chupa,66.27,33.0549,-3.23,96,10,0.29,RU,1667875712
67,xining,36.6167,101.7667,7.86,46,0,0.79,CN,1667875713
68,soplaviento,10.3931,-75.1408,23.96,92,100,0.52,CO,1667875713
69,nouadhibou,20.931,-17.0347,19.99,77,7,4.12,MR,1667875429
70,zeya,53.75,127.2667,-4.87,74,22,1.13,RU,1667875714
71,barrow,71.2906,-156.7887,-3.99,80,100,10.8,US,1667875714
72,cairns,-16.9167,145.7667,33.37,58,75,5.66,AU,1667875714
73,laredo,27.5064,-99.5075,27.16,61,20,4.12,US,1667875436
74,brindisi,40.5833,17.6667,13.58,82,2,3.14,IT,1667875452
75,kaeo,-35.1,173.7833,17.96,90,99,4.7,NZ,1667875431
76,beringovskiy,63.05,179.3167,-2.5,95,100,6.48,RU,1667875715
77,dwarka,22.2394,68.9678,26.23,57,0,3.12,IN,1667875431
78,conselheiro pena,-19.1722,-41.4722,19.43,83,31,1.8,BR,1667875716
79,chaman,30.9236,66.4512,15.0,34,56,1.25,PK,1667875716
80,rtishchevo,52.2604,43.7874,0.4,83,100,3.27,RU,1667875433
81,hasaki,35.7333,140.8333,19.22,51,0,5.4,JP,1667875717
82,kampot,10.6167,104.1833,30.03,70,73,3.1,KH,1667875690
83,kuryk,43.2,51.65,3.63,73,16,5.83,KZ,1667875717
84,kinlochleven,56.7115,-4.9661,10.16,93,100,2.89,GB,1667875718
85,tiksi,71.6872,128.8694,-17.47,91,100,7.7,RU,1667875718
86,jalu,29.0331,21.5482,16.38,83,0,3.95,LY,1667875699
87,college,64.8569,-147.8028,-7.11,74,100,0.0,US,1667875719
88,whitehorse,60.7161,-135.0538,-16.57,77,20,8.23,CA,1667875453
89,nanortalik,60.1432,-45.2371,-2.18,87,100,1.75,GL,1667875605
90,lebu,-37.6167,-73.65,11.6,87,100,4.69,CL,1667875691
91,lavrentiya,65.5833,-171.0,-2.31,96,100,9.93,RU,1667875719
92,valverde del camino,37.5751,-6.7543,12.79,97,76,0.75,ES,1667875436
93,hengyang,26.8881,112.615,25.47,42,21,0.91,CN,1667875720
94,mende,44.6667,3.5,4.37,95,97,3.12,FR,1667875436
95,butaritari,3.0707,172.7902,26.97,73,17,2.05,KI,1667875720
96,kenora,49.8167,-94.4337,-1.46,86,100,2.57,CA,1667875634
97,saint john,45.2727,-66.0677,12.0,46,0,8.23,CA,1667875535
98,new norfolk,-42.7826,147.0587,27.16,31,43,1.34,AU,1667875721
99,batagay,67.6333,134.6333,-19.15,94,100,1.43,RU,1667875722
100,inuvik,68.3499,-133.7218,-14.44,72,20,3.6,CA,1667875722
101,vanavara,60.34,102.2797,-7.69,88,99,4.43,RU,1667875723
102,lasa,46.6166,10.7002,6.18,54,52,0.7,IT,1667875598
103,uporovo,56.3109,66.2693,-2.46,96,100,3.65,RU,1667875723
104,chuy,-33.6971,-53.4616,14.29,86,11,3.52,UY,1667875724
105,mao,39.8885,4.2658,17.31,77,0,2.06,ES,1667875724
106,shakawe,-18.3667,21.85,20.63,85,100,0.84,BW,1667875724
107,shitanjing,39.2342,106.3439,8.44,55,84,3.32,CN,1667875725
108,fukue,32.6881,128.8419,20.2,52,20,3.6,JP,1667875725
109,ust-kuyga,70.0167,135.6,-16.55,97,100,2.69,RU,1667875725
110,mar del plata,-38.0023,-57.5575,16.04,91,0,6.26,AR,1667875726
111,herouville-saint-clair,49.2109,-0.3065,14.55,76,0,8.75,FR,1667875726
112,zanjan,36.6736,48.4787,3.79,84,100,2.66,IR,1667875727
113,isangel,-19.55,169.2667,27.06,78,75,6.69,VU,1667875727
114,krasnyye chetai,55.6887,46.1386,0.54,98,100,3.1,RU,1667875727
115,khatanga,71.9667,102.5,-13.74,96,100,1.46,RU,1667875728
116,kodiak,57.79,-152.4072,1.73,93,100,4.63,US,1667875728
117,san cristobal,7.7669,-72.225,19.1,95,100,1.06,VE,1667875729
118,amahai,-3.3333,128.9167,30.26,64,100,2.02,ID,1667875729
119,luanda,-8.8368,13.2343,26.0,83,75,3.09,AO,1667875729
120,norman wells,65.282,-126.8329,-16.98,78,20,3.09,CA,1667875730
121,bundaberg,-24.85,152.35,23.82,49,62,5.33,AU,1667875588
122,strezhevoy,60.7333,77.5889,-4.15,93,100,3.51,RU,1667875730
123,najran,17.4924,44.1277,14.36,33,0,1.81,SA,1667875731
124,saldanha,-33.0117,17.9442,15.71,85,76,3.4,ZA,1667875730
125,sao joao da barra,-21.6403,-41.0511,20.68,75,100,1.51,BR,1667875731
126,umm lajj,25.0213,37.2685,22.77,59,0,3.79,SA,1667875731
127,bam,29.106,58.357,16.84,32,0,3.67,IR,1667875446
128,pevek,69.7008,170.3133,-17.58,97,15,0.85,RU,1667875732
129,akniste,56.1615,25.7478,6.72,87,98,4.35,LV,1667875733
130,puerto carreno,6.189,-67.4859,25.25,86,86,1.88,CO,1667875447
131,touros,-5.1989,-35.4608,25.41,75,100,4.43,BR,1667875733
132,ponta do sol,32.6667,-17.1,20.4,84,66,1.52,PT,1667875734
133,port elizabeth,-33.918,25.5701,16.84,90,0,7.2,ZA,1667875519
134,englehart,47.8169,-79.8664,1.31,69,100,6.69,CA,1667875734
135,hithadhoo,-0.6,73.0833,28.14,75,22,7.89,MV,1667875735
136,arinos,-15.9169,-46.1056,21.2,81,66,0.81,BR,1667875735
137,avarua,-21.2078,-159.775,24.03,69,100,3.6,CK,1667875735
138,emerald,-23.5333,148.1667,26.86,43,51,2.74,AU,1667875736
139,gap,44.6667,6.0,1.89,58,100,2.5,FR,1667875736
140,salalah,17.0151,54.0924,24.05,73,0,1.03,OM,1667875737
141,airai,-8.9266,125.4092,24.76,53,74,0.29,TL,1667875737
142,bambous virieux,-20.3428,57.7575,23.14,78,40,2.57,MU,1667875737
143,clyde river,70.4692,-68.5914,-12.87,66,75,2.06,CA,1667875738
144,douglas,41.3,-96.167,7.55,49,0,5.66,US,1667875605
145,derzhavinsk,51.1,66.3167,-5.23,96,79,2.28,KZ,1667875738
146,victoria,22.2855,114.1577,24.03,85,94,4.02,HK,1667875636
147,castro,-24.7911,-50.0119,9.12,98,3,2.24,BR,1667875739
148,mangan,27.5167,88.5333,21.88,54,5,1.64,IN,1667875739
149,sarkand,45.41,79.9186,6.37,87,100,1.66,KZ,1667875451
150,coquimbo,-29.9533,-71.3436,13.85,94,100,1.54,CL,1667875397
151,santa cruz cabralia,-16.2781,-39.0247,20.13,88,40,1.54,BR,1667875452
152,cidreira,-30.1811,-50.2056,16.56,81,23,5.19,BR,1667875740
153,abong mbang,3.9833,13.1833,18.97,99,100,0.81,CM,1667875740
154,jiquipilas,16.6667,-93.65,22.12,91,96,2.69,MX,1667875741
155,carnarvon,-24.8667,113.6333,21.69,55,5,6.28,AU,1667875612
156,erie,42.7667,-78.6664,6.73,64,5,1.34,US,1667875453
157,bluff,-46.6,168.3333,18.78,75,62,5.76,NZ,1667875593
158,lokosovo,61.1333,74.8167,-7.04,95,100,3.55,RU,1667875742
159,poyarkovo,49.6,128.6833,3.57,43,6,4.11,RU,1667875742
160,yulara,-25.2406,130.9889,34.89,20,93,8.0,AU,1667875742
161,donskoye,45.4552,41.9741,4.07,85,100,6.61,RU,1667875455
162,shenjiamen,29.9576,122.298,19.4,66,0,4.33,CN,1667875455
163,buala,-8.145,159.5921,28.7,78,62,3.68,SB,1667875743
164,iskateley,67.6803,53.1512,0.21,99,100,3.9,RU,1667875744
165,saint-nazaire,47.2833,-2.2,15.02,86,75,6.17,FR,1667875744
166,guadalupe y calvo,26.1,-106.9667,8.15,42,34,2.54,MX,1667875457
167,aklavik,68.2191,-135.0107,-17.37,85,100,4.84,CA,1667875745
168,thompson,55.7435,-97.8558,-21.91,84,0,0.0,CA,1667875630
169,bonavista,48.6499,-53.1147,11.9,90,95,10.65,CA,1667875746
170,torbay,47.6666,-52.7314,14.86,96,100,10.8,CA,1667875746
171,vydrino,51.485,104.8461,-0.45,93,100,3.78,RU,1667875747
172,syedove,47.0768,38.156,6.11,78,52,8.04,UA,1667875459
173,malatya,38.5,38.0,7.03,93,100,3.6,TR,1667875747
174,suslonger,56.3156,48.2531,0.25,96,100,2.65,RU,1667875459
175,ribeira grande,38.5167,-28.7,17.65,68,100,1.79,PT,1667875748
176,tigre,-34.426,-58.5796,22.0,58,0,5.14,AR,1667875748
177,sault sainte marie,46.5168,-84.3333,4.16,68,40,6.17,CA,1667875749
178,mormugao,15.4,73.8,25.7,59,11,4.3,IN,1667875460
179,tautira,-17.7333,-149.15,24.68,83,24,4.88,PF,1667875735
180,axim,4.8699,-2.2405,25.36,86,91,1.39,GH,1667875749
181,fomboni,-12.28,43.7425,25.76,81,15,5.67,KM,1667875461
182,koslan,63.4564,48.8989,1.0,99,100,3.3,RU,1667875750
183,kamaishi,39.2667,141.8833,15.16,61,74,0.75,JP,1667875750
184,manbij,36.5281,37.9549,13.51,73,100,4.47,SY,1667875751
185,twante,16.7167,95.9333,28.07,71,86,2.87,MM,1667875751
186,bay saint louis,30.3088,-89.33,23.04,97,3,1.26,US,1667875463
187,nome,64.5011,-165.4064,1.04,100,100,13.89,US,1667875752
188,espanola,35.9911,-106.0806,13.73,44,4,3.0,US,1667875530
189,port alfred,-33.5906,26.891,17.32,88,100,1.79,ZA,1667875597
190,bollnas,61.3482,16.3946,5.32,94,100,1.8,SE,1667875464
191,houma,29.5958,-90.7195,23.33,98,0,1.54,US,1667875590
192,adrar,20.5022,-10.0711,22.94,17,5,4.2,MR,1667875753
193,ilulissat,69.2167,-51.1,-22.71,88,14,2.82,GL,1667875753
194,luderitz,-26.6481,15.1594,16.4,85,71,3.05,NA,1667875753
195,zirandaro,18.45,-100.9833,26.25,76,0,0.87,MX,1667875754
196,henties bay,-22.116,14.2845,15.95,91,2,2.65,NA,1667875754
197,peniche,39.3558,-9.3811,17.94,94,100,6.24,PT,1667875755
198,toktogul,41.8708,72.9402,6.72,94,100,1.15,KG,1667875755
199,maragogi,-9.0122,-35.2225,23.86,85,11,1.1,BR,1667875755
200,evensk,61.95,159.2333,-7.17,76,100,0.68,RU,1667875467
201,adwa,14.1646,38.8955,14.33,69,6,1.81,ET,1667875756
202,sabha,27.0377,14.4283,14.17,61,0,3.69,LY,1667875756
203,inzer,54.2167,57.5556,-2.0,91,100,1.37,RU,1667875468
204,manokwari,-0.8667,134.0833,27.51,81,96,3.32,ID,1667875757
205,kayes,14.0,-11.0,25.84,25,84,1.44,ML,1667875757
206,roald,62.5833,6.1333,8.75,87,21,4.63,NO,1667875469
207,hay river,60.8156,-115.7999,-18.01,78,40,3.09,CA,1667875758
208,vostok,46.4856,135.8833,1.64,54,59,4.53,RU,1667875758
209,belle fourche,44.6714,-103.8522,11.16,38,100,6.35,US,1667875759
210,port blair,11.6667,92.75,27.02,83,100,2.06,IN,1667875759
211,caucasia,7.9865,-75.1935,24.02,93,100,0.11,CO,1667875760
212,uige,-7.6087,15.0613,18.31,99,97,0.75,AO,1667875760
213,buraydah,26.326,43.975,17.25,44,0,3.23,SA,1667875607
214,thinadhoo,0.5333,72.9333,27.85,76,34,7.95,MV,1667875761
215,bandarbeyla,9.4942,50.8122,25.48,76,4,1.13,SO,1667875472
216,hualmay,-11.0964,-77.6139,17.99,83,12,3.34,PE,1667875655
217,ugoofaaru,5.6667,73.0,27.27,76,36,3.99,MV,1667875473
218,dom pedrito,-30.9828,-54.6731,11.97,86,0,3.94,BR,1667875762
219,alofi,-19.0595,-169.9187,25.94,69,75,6.17,NU,1667875657
220,karratha,-20.7377,116.8463,26.75,30,0,5.93,AU,1667875749
221,encruzilhada,-15.5314,-40.9094,15.33,98,84,1.81,BR,1667875474
222,hefei,31.8639,117.2808,19.01,59,8,5.0,CN,1667875474
223,bambanglipuro,-7.95,110.2833,28.8,71,88,2.67,ID,1667875763
224,sitka,57.0531,-135.33,0.94,32,0,0.0,US,1667875763
225,esperance,-33.8667,121.9,16.49,71,100,7.48,AU,1667875764
226,cabra,37.4725,-4.4421,12.05,69,37,0.56,ES,1667875764
227,krasnoselkup,65.7,82.4667,-5.58,96,100,2.8,RU,1667875764
228,mokrous,51.2333,47.5167,-0.11,87,100,2.94,RU,1667875765
229,qostanay,53.1667,63.5833,-1.84,100,100,1.0,KZ,1667875765
230,talnakh,69.4865,88.3972,-22.38,100,90,2.56,RU,1667875476
231,saskylakh,71.9167,114.0833,-31.01,98,48,2.11,RU,1667875481
232,rayon,19.1444,-99.5836,16.03,64,1,1.87,MX,1667875477
233,neuquen,-38.9516,-68.0591,26.94,36,40,1.54,AR,1667875766
234,shu,43.5983,73.7614,7.21,70,100,4.23,KZ,1667875767
235,zhangye,38.9342,100.4517,8.99,25,0,0.37,CN,1667875478
236,abapo,-18.8333,-63.4667,18.88,44,99,1.63,BO,1667875767
237,kalemie,-5.9475,29.1947,20.64,87,87,2.92,CD,1667875768
238,bela vista,-22.1089,-56.5211,18.51,62,91,1.91,BR,1667875768
239,krasnoyarka,55.3333,73.1167,-2.03,94,100,0.97,RU,1667875769
240,raudeberg,61.9875,5.1352,7.37,70,20,5.32,NO,1667875769
241,natal,-5.795,-35.2094,25.12,78,20,3.09,BR,1667875696
242,shelburne,44.0787,-80.2041,3.5,84,51,5.54,CA,1667875605
243,mount isa,-20.7333,139.5,35.87,16,0,3.6,AU,1667875700
244,avera,33.194,-82.5271,19.73,74,3,2.57,US,1667875770
245,khalabat,34.06,72.8894,16.31,52,9,2.72,PK,1667875770
246,coihaique,-45.5752,-72.0662,12.34,87,0,3.09,CL,1667875471
247,ormond beach,29.2858,-81.0559,25.01,89,75,5.66,US,1667875604
248,bismarck,46.8083,-100.7837,-0.52,70,100,6.69,US,1667875500
249,vaitape,-16.5167,-151.75,26.02,73,17,2.68,PF,1667875482
250,flinders,-34.5833,150.8552,23.36,63,50,4.81,AU,1667875772
251,preeceville,51.95,-102.6677,-8.94,94,100,8.49,CA,1667875772
252,santa maria,-29.6842,-53.8069,14.61,82,20,3.09,BR,1667875772
253,san quintin,30.4833,-115.95,17.61,87,1,4.15,MX,1667875483
254,trofors,65.5333,13.4063,-1.07,82,6,1.33,NO,1667875773
255,faya,18.3851,42.4509,14.29,89,1,1.93,SA,1667875773
256,kibray,41.3873,69.4641,4.29,87,100,1.22,UZ,1667875484
257,imbituba,-28.24,-48.6703,18.81,89,94,3.23,BR,1667875774
258,ribeira brava,32.65,-17.0667,20.4,84,64,1.67,PT,1667875774
259,uong bi,21.0333,106.7833,26.99,50,2,0.56,VN,1667875775
260,vaini,-21.2,-175.2,28.09,69,20,4.12,TO,1667875775
261,caravelas,-17.7125,-39.2481,20.86,75,75,2.05,BR,1667875775
262,severo-kurilsk,50.6789,156.125,4.48,74,84,7.89,RU,1667875776
263,changde,29.0464,111.6783,23.29,39,3,2.2,CN,1667875487
264,bharatpur,27.2167,77.4833,24.7,53,4,2.11,IN,1667875503
265,san luis,-33.295,-66.3356,20.92,36,58,4.8,AR,1667875776
266,asau,46.4333,26.4,4.6,85,100,1.39,RO,1667875777
267,pangkalanbuun,-2.6833,111.6167,25.53,84,100,1.6,ID,1667875777
268,geraldton,-28.7667,114.6,22.23,53,75,6.69,AU,1667875778
269,rey bouba,8.6724,14.1786,22.9,47,100,1.17,CM,1667875778
270,mahebourg,-20.4081,57.7,23.16,78,40,2.57,MU,1667875654
271,ulladulla,-35.35,150.4667,21.24,56,3,6.72,AU,1667875779
272,karaton,-6.3424,106.1045,27.2,78,98,0.49,ID,1667875489
273,ilhabela,-23.7781,-45.3581,18.37,86,86,1.8,BR,1667875779
274,hvide sande,56.0045,8.1294,13.61,89,99,10.86,DK,1667875780
275,laguna,38.421,-121.4238,11.99,77,75,3.6,US,1667875780
276,lascahobas,18.8294,-71.9364,24.8,89,7,0.67,HT,1667875491
277,labuhan,-6.8844,112.2051,29.93,64,86,0.8,ID,1667875491
278,mount gambier,-37.8333,140.7667,26.76,36,0,1.2,AU,1667875492
279,muroto,33.2833,134.15,18.75,60,9,1.3,JP,1667875492
280,mardin,37.3131,40.7436,11.59,47,75,2.06,TR,1667875781
281,camacha,33.0833,-16.3333,17.68,94,40,1.03,PT,1667875781
282,vitim,59.4511,112.5578,-4.67,91,100,4.55,RU,1667875782
283,saint-francois,46.4154,3.9054,5.69,93,0,1.03,FR,1667875782
284,udachnyy,66.4167,112.4,-22.55,100,95,1.21,RU,1667875782
285,saint george,37.1041,-113.5841,18.33,37,0,5.14,US,1667875783
286,tasiilaq,65.6145,-37.6368,-1.44,96,100,2.49,GL,1667875783
287,dunedin,-45.8742,170.5036,15.5,71,85,4.49,NZ,1667875592
288,belyy yar,53.6039,91.3903,-3.97,82,100,1.0,RU,1667875784
289,boz,46.4071,4.9109,13.55,64,85,4.21,FR,1667875784
290,bentonville,36.3728,-94.2088,17.9,62,0,4.12,US,1667875678
291,guerrero negro,27.9769,-114.0611,18.75,75,52,4.95,MX,1667875592
292,sisimiut,66.9395,-53.6735,-11.55,83,7,4.88,GL,1667875785
293,delijan,33.9905,50.6838,6.59,63,0,1.17,IR,1667875786
294,iqaluit,63.7506,-68.5145,-8.15,67,75,1.54,CA,1667875701
295,longyearbyen,78.2186,15.6401,-5.09,80,75,5.66,SJ,1667875786
296,grand forks,47.9417,-97.4337,-0.15,80,75,4.63,US,1667875787
297,sinazongwe,-17.2614,27.4618,23.44,76,100,1.23,ZM,1667875496
298,tatarbunary,45.8373,29.6142,5.8,80,15,2.85,UA,1667875787
299,waterloo,43.4668,-80.5164,4.18,74,75,2.57,CA,1667875041
300,upernavik,72.7868,-56.1549,-14.61,88,80,2.93,GL,1667875788
301,san andres,12.5847,-81.7006,28.01,74,75,2.06,CO,1667875788
302,itaituba,-4.2761,-55.9836,23.19,97,97,0.68,BR,1667875498
303,sistranda,63.7256,8.834,4.98,73,100,3.75,NO,1667875789
304,tevaitoa,-16.7833,-151.5,25.76,75,21,3.2,PF,1667875789
305,kupang,-10.1667,123.5833,31.32,79,40,3.6,ID,1667875789
306,imeni poliny osipenko,52.4201,136.4853,-1.27,61,23,2.81,RU,1667875790
307,khandbari,27.3747,87.2039,18.8,73,91,0.55,NP,1667875499
308,harbour breton,47.4833,-55.7983,11.89,92,100,10.57,CA,1667875790
309,huilong,31.8111,121.655,20.52,59,0,4.34,CN,1667875500
310,high level,58.5169,-117.136,-21.94,92,40,1.03,CA,1667875791
311,canavieiras,-15.675,-38.9472,20.35,82,99,1.82,BR,1667875791
312,wonthaggi,-38.6044,145.5913,21.69,59,1,2.12,AU,1667875792
313,muhos,64.808,25.9931,-2.12,80,90,2.09,FI,1667875792
314,pedasi,7.5333,-80.0333,25.04,83,100,3.65,PA,1667875792
315,baoding,38.8511,115.4903,14.51,24,5,2.59,CN,1667875793
316,snezhnogorsk,69.1933,33.2531,-5.12,96,28,0.37,RU,1667875793
317,lensk,60.7253,114.9278,-5.34,89,99,4.85,RU,1667875794
318,moses lake,47.1301,-119.2781,6.2,65,100,4.63,US,1667875504
319,darab,28.7519,54.5444,15.82,64,100,0.6,IR,1667875564
320,paramonga,-10.6667,-77.8333,17.81,84,15,2.72,PE,1667875794
321,husavik,66.0449,-17.3389,4.26,93,100,5.84,IS,1667875772
322,filadelfia,39.9523,-75.1638,17.82,39,0,5.14,US,1667875673
323,rio cuarto,-33.1307,-64.3499,21.37,42,0,4.12,AR,1667875547
324,vao,-22.6667,167.4833,23.48,85,97,6.92,NC,1667875505
325,tiznit,29.5833,-9.5,20.41,22,97,2.52,MA,1667875795
326,limbang,4.75,115.0,31.06,59,100,0.58,MY,1667875506
327,bethel,41.3712,-73.414,15.17,44,0,4.12,US,1667875796
328,pucallpa,-8.3791,-74.5539,27.02,74,20,1.03,PE,1667875796
329,boldu,45.3333,27.2333,7.31,88,100,2.24,RO,1667875796
330,richards bay,-28.783,32.0377,21.34,95,97,2.11,ZA,1667875797
331,crabtree,45.9668,-73.4659,8.84,51,6,3.6,CA,1667875797
332,kuala terengganu,5.3302,103.1408,28.32,89,40,1.54,MY,1667875798
333,makakilo city,21.3469,-158.0858,28.18,60,20,8.75,US,1667875798
334,kiruna,67.8557,20.2251,-2.49,86,100,3.6,SE,1667875509
335,moundou,8.5667,16.0833,22.49,43,98,1.94,TD,1667875799
336,kavieng,-2.5744,150.7967,28.79,70,100,2.16,PG,1667875799
337,port hardy,50.6996,-127.4199,1.1,55,20,8.75,CA,1667875799
338,urumqi,43.801,87.6005,2.53,81,3,2.0,CN,1667875681
339,at-bashi,41.1702,75.8106,1.39,66,100,0.49,KG,1667875800
340,poshtove,44.8311,33.9545,7.5,90,47,1.93,UA,1667875800
341,namibe,-15.1961,12.1522,19.78,76,0,3.09,AO,1667875511
342,sobolevo,54.4299,31.8996,5.3,89,100,4.85,RU,1667875801
343,gogrial,8.5332,28.1004,24.37,60,80,1.21,SS,1667875512
344,herat,34.5,62.0,5.9,80,100,5.65,AF,1667875801
345,dhidhdhoo,6.8833,73.1,26.92,79,3,3.88,MV,1667875802
346,araouane,18.9048,-3.5265,21.51,15,0,3.58,ML,1667875802
347,kholm,59.2667,32.85,3.9,96,100,3.96,RU,1667875803
348,iquitos,-3.7481,-73.2472,25.02,83,0,1.03,PE,1667875700
349,tubay,9.1669,125.5239,30.14,69,73,1.34,PH,1667875803
350,tel aviv-yafo,32.0805,34.7805,18.1,75,75,1.54,IL,1667875804
351,kargasok,59.0556,80.8572,-3.7,91,100,2.22,RU,1667875804
352,klaksvik,62.2266,-6.589,9.51,92,100,16.81,FO,1667875805
353,tianmen,30.6516,113.1603,23.21,35,1,3.28,CN,1667875805
354,comodoro rivadavia,-45.8667,-67.5,21.92,40,0,3.6,AR,1667875806
355,berbera,10.4396,45.0143,25.67,81,7,2.03,SO,1667875806
356,kawalu,-7.3817,108.2082,26.0,77,100,0.69,ID,1667875806
357,ndioum,16.5129,-14.6471,27.9,17,26,4.28,SN,1667875516
358,pochutla,15.7432,-96.4661,26.01,91,74,1.83,MX,1667875807
359,simpang,-1.2667,104.0833,28.75,76,100,0.68,ID,1667875517
360,yeppoon,-23.1333,150.7333,25.88,61,5,6.08,AU,1667875518
361,fuente palmera,37.7049,-5.0996,8.53,89,10,0.56,ES,1667875808
362,kaberamaido,1.7389,33.1594,19.16,92,99,0.99,UG,1667875518
363,banda aceh,5.5577,95.3222,28.51,68,100,3.57,ID,1667875642
364,lufkin,31.3382,-94.7291,24.07,89,0,2.57,US,1667875809
365,kaitangata,-46.2817,169.8464,14.98,69,100,2.78,NZ,1667875809
366,saint-pierre,-21.3393,55.4781,25.32,60,0,2.06,RE,1667875809
367,ayagoz,47.9714,80.4392,5.49,95,100,7.33,KZ,1667875810
368,montevideo,-34.8335,-56.1674,15.84,77,0,1.03,UY,1667875786
369,kabompo,-13.5927,24.2008,17.7,96,100,1.42,ZM,1667875810
370,nabire,-3.3667,135.4833,30.55,66,85,2.5,ID,1667875811
371,ponta delgada,37.7333,-25.6667,15.4,82,20,3.09,PT,1667875589
372,sergeyevka,53.88,67.4158,-2.78,96,100,1.74,KZ,1667875811
373,katsuura,35.1333,140.3,18.71,61,0,4.39,JP,1667875812
374,katobu,-4.9408,122.5276,32.36,54,99,0.18,ID,1667875703
375,port hedland,-20.3167,118.5667,28.03,39,0,10.29,AU,1667875812
376,xai-xai,-25.0519,33.6442,21.77,96,100,2.79,MZ,1667875523
377,road town,18.4167,-64.6167,28.05,94,40,4.12,VG,1667875813
378,khanpur,28.6453,70.6567,21.24,49,69,5.2,PK,1667875814
379,antalaha,-14.9003,50.2788,20.69,80,62,2.51,MG,1667875814
380,quatre cocos,-20.2078,57.7625,23.06,74,75,5.11,MU,1667875546
381,smithers,54.7804,-127.1743,-11.82,61,75,2.57,CA,1667875815
382,mayo,38.8876,-76.5119,18.86,61,0,2.57,US,1667875815
383,springbok,-29.6643,17.8865,13.92,66,41,1.34,ZA,1667875525
384,los llanos de aridane,28.6585,-17.9182,17.86,43,0,4.63,ES,1667875816
385,narsaq,60.9167,-46.05,-0.88,74,100,3.27,GL,1667875777
386,kavaratti,10.5669,72.642,27.47,73,1,2.45,IN,1667875817
387,lagos,6.5833,3.75,26.18,93,60,0.37,NG,1667875483
388,palm coast,29.585,-81.2078,24.44,89,12,5.81,US,1667875526
389,dingle,10.9995,122.6711,29.84,75,97,3.9,PH,1667875817
390,yuancheng,36.652,107.7896,7.91,70,100,3.14,CN,1667875818
391,puerto escondido,15.85,-97.0667,26.8,83,34,1.8,MX,1667875578
392,mogocha,53.7333,119.7667,-3.89,75,100,2.0,RU,1667875818
393,mikhaylovka,50.06,43.2379,-0.26,82,70,2.31,RU,1667875819
394,terenos,-20.4422,-54.8603,21.84,40,0,3.6,BR,1667875819
395,tilichiki,60.4667,166.1,-7.7,89,100,3.02,RU,1667875820
396,arauca,7.0847,-70.7591,25.98,94,40,0.51,CO,1667875820
397,sumkino,58.1108,68.3244,-2.46,83,100,3.23,RU,1667875530
398,sikasso,10.9167,-7.0,22.11,32,11,1.74,ML,1667875821
399,fortuna,40.5982,-124.1573,7.19,94,98,1.79,US,1667875821
400,volsk,52.0333,47.3833,-0.84,87,84,2.64,RU,1667875821
401,yeniseysk,58.4497,92.1703,-5.55,91,99,1.85,RU,1667875822
402,pangnirtung,66.1451,-65.7125,-14.64,61,64,2.72,CA,1667875822
403,sept-iles,50.2001,-66.3821,5.24,77,75,8.23,CA,1667875741
404,sadovoye,47.7764,44.5089,1.06,81,100,2.54,RU,1667875823
405,itupiranga,-5.1347,-49.3267,26.18,90,100,0.38,BR,1667875823
406,tuatapere,-46.1333,167.6833,19.07,52,68,2.86,NZ,1667875824
407,cayenne,4.9333,-52.3333,24.02,94,0,0.51,GF,1667875824
408,vanimo,-2.6741,141.3028,28.11,80,100,0.75,PG,1667875825
409,dzhankoy,45.7167,34.4,5.84,84,43,3.44,UA,1667875825
410,cap malheureux,-19.9842,57.6142,22.48,77,58,1.34,MU,1667875826
411,cockburn town,21.4612,-71.1419,26.88,72,22,2.58,TC,1667875624
412,carauari,-4.8828,-66.8958,24.02,78,42,1.41,BR,1667875536
413,port lincoln,-34.7333,135.8667,26.75,43,100,6.08,AU,1667875826
414,maceio,-9.6658,-35.7353,23.69,94,75,1.03,BR,1667875805
415,hailey,43.5196,-114.3153,-1.78,72,98,1.34,US,1667875827
416,muros,42.7762,-9.0603,16.16,83,100,7.13,ES,1667875827
417,liseleje,56.0053,11.9483,12.31,93,99,1.34,DK,1667875828
418,ahipara,-35.1667,173.1667,16.83,86,96,6.51,NZ,1667875828
419,codrington,-38.2667,141.9667,24.56,59,6,4.64,AU,1667875594
420,srednekolymsk,67.45,153.6833,-16.85,97,100,4.63,RU,1667875829
421,hecun,36.5333,114.1111,15.37,31,19,2.42,CN,1667875829
422,zhangjiakou,40.81,114.8794,7.2,21,3,0.87,CN,1667875829
423,moron,-34.6534,-58.6198,21.86,59,0,4.37,AR,1667875633
424,kholtoson,50.2981,103.3097,-0.29,57,89,1.1,RU,1667875830
425,nichinan,31.6,131.3667,20.82,54,3,2.24,JP,1667875830
426,puerto del rosario,28.5004,-13.8627,21.86,83,100,5.14,ES,1667875831
427,tarakan,3.3,117.6333,27.72,89,75,3.6,ID,1667875831
428,boende,-0.2167,20.8667,21.18,98,100,0.23,CD,1667875831
429,ballina,-28.8667,153.5667,19.45,95,96,2.63,AU,1667875713
430,straumen,63.8709,11.2999,3.0,86,100,1.12,NO,1667875832
431,silifke,36.3778,33.9344,16.0,84,45,6.37,TR,1667875541
432,antofagasta,-23.65,-70.4,15.6,79,24,1.29,CL,1667875649
433,bay city,43.5945,-83.8889,6.1,67,0,4.12,US,1667875833
434,cody,44.5263,-109.0565,6.67,67,100,5.14,US,1667875816
435,birao,10.2849,22.7882,25.07,28,93,1.08,CF,1667875833
436,ibra,22.6906,58.5334,22.2,67,40,1.04,OM,1667875833
437,bukachacha,52.9833,116.9167,-3.04,75,100,2.1,RU,1667875834
438,sakakah,29.9697,40.2064,16.76,50,49,4.67,SA,1667875834
439,castrillon,43.3979,-6.7922,15.31,70,100,4.8,ES,1667875835
440,batie,9.8833,-2.9167,21.46,28,37,1.25,BF,1667875544
441,bar harbor,44.3876,-68.2039,12.28,45,20,6.26,US,1667875835
442,cabo san lucas,22.8909,-109.9124,23.61,73,0,2.24,MX,1667875836
443,salinopolis,-0.6136,-47.3561,25.65,87,99,3.98,BR,1667875836
444,baraya,3.1533,-75.0531,25.89,80,71,2.02,CO,1667875545
445,palu,-0.8917,119.8707,31.18,64,98,1.67,ID,1667875837
446,swan hill,-35.3378,143.5544,26.18,41,18,3.2,AU,1667875546
447,maun,-19.9833,23.4167,20.22,85,93,1.0,BW,1667875837
448,innisfail,-17.5333,146.0333,28.22,58,78,4.54,AU,1667875546
449,gboko,7.3179,8.9951,23.75,44,83,0.99,NG,1667875838
450,hamilton,39.1834,-84.5333,13.47,37,100,5.14,US,1667875586
451,marquette,46.5333,-87.6335,2.96,73,62,2.48,US,1667875745
452,rawson,-43.3002,-65.1023,16.44,69,100,3.61,AR,1667875838
453,port macquarie,-31.4333,152.9167,20.44,58,59,4.83,AU,1667875548
454,lakatoro,-16.0999,167.4164,28.4,75,28,6.49,VU,1667875839
455,vondrozo,-22.8167,47.2833,18.62,92,96,1.24,MG,1667875839
456,aitape,-3.1374,142.3475,28.58,67,100,0.94,PG,1667875839
457,sungaipenuh,-2.0833,101.3833,23.15,74,100,1.06,ID,1667875840
458,riyadh,24.6877,46.7219,18.08,55,0,2.4,SA,1667875802
459,deniliquin,-35.5333,144.9667,25.06,46,1,3.05,AU,1667875840
460,pangody,65.85,74.4859,-6.18,96,100,3.84,RU,1667875551
461,iracoubo,5.4802,-53.2011,24.81,89,100,2.65,GF,1667875841
462,oytal,42.9057,73.2697,4.6,95,100,1.28,KZ,1667875551
463,dalbandin,28.8947,64.4101,19.11,39,30,1.39,PK,1667875842
464,imperial beach,32.5839,-117.1131,18.28,87,75,2.57,US,1667875842
465,kaohsiung,22.6163,120.3133,28.97,72,40,4.63,TW,1667875842
466,marystown,47.1666,-55.1483,12.85,93,100,12.67,CA,1667875843
467,hegra,63.4644,11.114,2.95,93,75,1.54,NO,1667875843
468,sokolo,14.7328,-6.1219,24.8,18,85,4.13,ML,1667875843
469,arman,59.7,150.1667,-4.99,91,98,5.75,RU,1667875844
470,santa paula,34.3542,-119.0593,14.62,88,20,4.12,US,1667875844
471,zhezkazgan,47.8043,67.7144,-4.01,80,100,7.0,KZ,1667875844
472,te anau,-45.4167,167.7167,18.2,52,42,3.26,NZ,1667875808
473,marsh harbour,26.5412,-77.0636,26.05,71,0,12.86,BS,1667875689
474,preobrazheniye,42.9019,133.9064,7.85,42,0,2.88,RU,1667875555
475,bayir,37.2687,28.2167,7.29,82,0,1.96,TR,1667875845
476,churapcha,62.0025,132.4325,-19.72,88,100,0.44,RU,1667875846
477,gat,31.61,34.7642,18.77,100,14,4.77,IL,1667875846
478,zvishavane,-20.3267,30.0665,19.59,91,100,1.93,ZW,1667875846
479,tutoia,-2.7619,-42.2744,25.95,82,71,5.42,BR,1667875758
480,gravdal,68.1214,13.5031,5.46,73,11,7.36,NO,1667875557
481,pansemal,21.65,74.7,26.6,35,81,1.31,IN,1667875847
482,marathon,44.9,-89.7668,2.86,68,0,3.09,US,1667875558
483,sheopur,25.6667,76.7,24.3,48,96,1.72,IN,1667875848
484,huangpu,25.4433,113.1747,24.96,59,35,1.08,CN,1667875848
485,bedford,52.1346,-0.4663,14.84,76,100,11.57,GB,1667875559
486,callaway,30.153,-85.5699,22.22,84,0,0.0,US,1667875849
487,hervey bay,-25.2986,152.8535,22.82,54,27,7.76,AU,1667875849
488,anadyr,64.75,177.4833,-2.72,92,75,8.0,RU,1667875849
489,itanhem,-17.1664,-40.33,18.16,87,91,1.96,BR,1667875850
490,san policarpo,12.1791,125.5072,28.67,79,100,2.59,PH,1667875850
491,itarema,-2.9248,-39.9167,26.01,71,19,5.84,BR,1667875831
492,lubango,-14.9172,13.4925,15.0,56,2,0.96,AO,1667875561
493,pudozh,61.8099,36.5345,2.29,90,100,3.92,RU,1667875851
494,kabare,-2.4683,28.8242,15.94,93,100,0.89,CD,1667875851
495,cobija,-11.0267,-68.7692,24.48,45,6,0.81,BO,1667875852
496,sri aman,1.2376,111.4621,28.03,83,20,0.51,MY,1667875852
497,samarai,-10.6167,150.6667,29.01,69,27,3.99,PG,1667875852
498,muisne,0.6,-80.0333,23.45,76,85,2.47,EC,1667875853
499,vestmanna,62.1564,-7.1664,8.51,81,100,13.89,FO,1667875853
500,paciran,-6.8767,112.3761,29.62,64,86,1.04,ID,1667875853
501,komsomolskiy,40.4272,71.7189,8.4,87,40,3.09,UZ,1667875651
502,petropavlovsk-kamchatskiy,53.0452,158.6483,1.33,64,75,2.0,RU,1667875854
503,doha,25.2867,51.5333,28.94,76,20,3.6,QA,1667875687
504,faanui,-16.4833,-151.75,26.04,73,17,2.66,PF,1667875854
505,honiara,-9.4333,159.95,29.53,74,40,3.34,SB,1667875855
506,popondetta,-8.7537,148.2534,34.18,44,38,3.57,PG,1667875855
507,valmontone,41.7788,12.9175,13.03,72,1,0.89,IT,1667875565
508,ambilobe,-13.2,49.05,22.88,69,100,1.82,MG,1667875856
509,mackay,-21.15,149.2,28.71,59,1,6.69,AU,1667875856
510,teguldet,57.3064,88.1667,-5.32,94,87,1.54,RU,1667875566
511,chernyshkovskiy,48.4219,42.2308,0.37,88,52,2.83,RU,1667875857
512,mildura,-34.2,142.15,30.04,41,2,4.45,AU,1667875857
513,alice springs,-23.7,133.8833,35.75,15,62,5.14,AU,1667875858
514,waingapu,-9.6567,120.2641,30.87,62,86,3.98,ID,1667875858
515,svetlaya,46.5389,138.3297,6.78,43,5,2.62,RU,1667875858
516,spokane,47.6166,-117.3677,-2.77,83,100,8.23,US,1667875349
517,taywarah,33.35,64.4167,1.41,71,87,1.68,AF,1667875859
518,kayerkan,69.3497,87.7602,-23.24,100,96,1.87,RU,1667875859
519,kamenka,51.3223,42.7678,-0.06,84,74,2.63,RU,1667875859
520,vardo,70.3705,31.1107,2.99,81,100,2.06,NO,1667875860
521,mwandiga,-4.83,29.6581,19.66,88,20,0.0,TZ,1667875860
522,ancud,-41.8697,-73.8203,12.04,94,99,1.36,CL,1667875861
523,campestre,-21.7111,-46.2464,13.97,87,61,1.91,BR,1667875570
524,lukow,51.929,22.3796,8.29,93,57,3.53,PL,1667875571
525,kabanga,-2.6386,30.4678,13.94,94,100,0.76,TZ,1667875571
526,booue,-0.0921,11.9385,21.84,99,100,0.58,GA,1667875862
527,bara,10.3744,10.7288,21.83,28,17,2.75,NG,1667875572
528,constitucion,-35.3333,-72.4167,12.91,77,99,3.72,CL,1667875689
529,havelock,34.8791,-76.9013,21.99,89,40,2.57,US,1667875573
530,kathmandu,27.7167,85.3167,15.12,88,75,1.54,NP,1667875499
531,rocha,-34.4833,-54.3333,11.54,95,0,2.26,UY,1667875862
532,varnavino,57.4035,45.0916,0.54,95,100,3.43,RU,1667875863
533,dikson,73.5069,80.5464,-14.32,95,98,3.36,RU,1667875595
534,wanning,18.8003,110.3967,23.23,93,100,4.88,CN,1667875574
535,camana,-16.6228,-72.7111,17.78,79,0,3.18,PE,1667875864
536,gilgit,35.9221,74.3087,7.42,75,91,1.36,PK,1667875864
537,jennings,38.7192,-90.2604,11.65,46,0,3.09,US,1667875864
538,vestmannaeyjar,63.4427,-20.2734,7.01,86,100,8.94,IS,1667875865
539,matay,28.419,30.7792,17.24,54,0,2.57,EG,1667875575
540,ikwiriri,-7.9562,38.9716,22.3,96,54,0.67,TZ,1667875865
541,ostrov,57.3439,28.3537,6.85,91,100,5.16,RU,1667875866
542,auki,-8.7676,160.7034,28.76,73,17,2.96,SB,1667875866
543,andijon,40.7821,72.3442,8.88,81,75,1.03,UZ,1667875867
544,mitsamiouli,-11.3847,43.2844,25.19,82,17,4.78,KM,1667875577
545,bafia,4.75,11.2333,20.18,90,100,0.71,CM,1667875867
546,shieli,44.1667,66.75,4.95,82,99,4.21,KZ,1667875868
547,hwange,-18.3693,26.5019,22.53,72,100,0.92,ZW,1667875868
548,save,8.0425,2.486,23.39,55,91,0.72,BJ,1667875868
549,dzerzhinsk,56.2389,43.4631,0.9,100,100,4.0,RU,1667875869
550,phalombe,-15.8064,35.6507,21.75,71,74,1.21,MW,1667875869
551,ust-uda,54.1742,103.0304,-3.07,70,100,3.5,RU,1667875869
552,kimbe,-5.5502,150.1429,31.24,62,97,3.19,PG,1667875870
553,bila tserkva,49.8094,30.1121,5.54,67,87,3.5,UA,1667875870
554,kysyl-syr,63.8986,122.7617,-23.54,94,23,2.0,RU,1667875871
555,santa,17.486,120.4348,28.9,59,2,0.85,PH,1667875871
556,sar-e pul,35.8333,66.1667,3.42,93,100,2.07,AF,1667875871
557,makokou,0.5738,12.8642,20.26,99,99,0.45,GA,1667875872
558,neiafu,-18.65,-173.9833,28.38,69,20,4.12,TO,1667875872
559,byron bay,-28.65,153.6167,19.41,81,94,2.6,AU,1667875872
560,conakry,9.538,-13.6773,27.71,78,99,2.42,GN,1667875873
561,mongo,12.1844,18.693,25.98,25,96,2.64,TD,1667875582
562,khani,41.9563,42.9566,6.76,68,100,2.76,GE,1667875874
563,bulungu,-4.55,18.6,20.63,97,100,0.41,CD,1667875874
564,coshocton,40.272,-81.8596,10.19,54,98,0.45,US,1667875725
565,progreso,21.2833,-89.6667,25.21,85,0,5.37,MX,1667875584
566,grindavik,63.8424,-22.4338,6.97,87,100,5.66,IS,1667875875
567,fairbanks,64.8378,-147.7164,-7.1,76,40,0.0,US,1667875853
568,augusta,48.3667,10.8833,5.84,93,57,1.54,DE,1667875876
569,roebourne,-20.7833,117.1333,27.66,28,0,5.48,AU,1667875876
570,galle,6.0367,80.217,25.79,81,99,1.13,LK,1667875876
571,teguise,29.0605,-13.564,16.12,88,3,3.09,ES,1667875586
572,desna,50.9273,30.7605,6.0,70,99,4.37,UA,1667875877
573,amboasary,-25.0333,46.3833,23.06,76,63,0.97,MG,1667875586
574,takoradi,4.8845,-1.7554,25.64,85,100,1.9,GH,1667875878
575,vredefort,-27.0081,27.3646,13.81,92,100,5.06,ZA,1667875587
576,north bend,43.4065,-124.2243,6.2,94,75,6.17,US,1667875878
577,nelson bay,-32.7167,152.15,22.84,64,47,6.26,AU,1667875878
578,newport,51.5877,-2.9984,11.46,90,100,9.34,GB,1667875850
579,cascas,-7.4833,-78.8167,19.85,63,32,0.85,PE,1667875879
580,afyonkarahisar,38.75,30.6667,5.17,94,7,2.09,TR,1667875589
581,reinosa,42.9996,-4.138,14.7,83,100,9.15,ES,1667875589
582,viedma,-40.8135,-62.9967,23.41,29,45,9.1,AR,1667875880
583,gherghesti,46.5,27.5167,5.58,91,100,2.08,RO,1667875590
584,eureka,40.8021,-124.1637,7.34,90,100,4.02,US,1667875685
585,haftoni,38.7632,48.7622,8.84,100,100,4.63,AZ,1667875590
586,kemijarvi,66.7131,27.4306,-4.45,97,59,0.55,FI,1667875881
587,union,40.6334,-74.2663,18.3,27,0,5.66,US,1667875881
588,susangerd,31.5608,48.1831,18.4,22,72,1.84,IR,1667875881
589,ortakoy,38.7373,34.0387,2.14,88,60,1.63,TR,1667875592
590,palasbari,26.1361,91.5486,24.03,94,20,0.0,IN,1667875882
591,sulangan,11.1373,123.7228,28.64,76,81,3.36,PH,1667875593
592,yaransk,57.3033,47.8861,0.16,97,100,4.25,RU,1667875593
593,severo-yeniseyskiy,60.3725,93.0408,-9.1,93,100,2.83,RU,1667875883
594,anderson,34.5334,-82.6499,21.75,96,20,2.06,US,1667875883
595,chapais,49.7834,-74.8492,-2.12,81,100,7.9,CA,1667875884
596,luena,-11.7833,19.9167,17.39,99,100,1.28,AO,1667875884
597,elat,29.5581,34.9482,17.91,39,0,0.0,IL,1667875884
598,iquique,-20.2208,-70.1431,17.02,66,0,0.31,CL,1667875723
599,monroe,43.1501,-77.6831,9.42,62,0,4.12,US,1667875678
600,ler,8.3018,30.1418,24.01,68,100,0.53,SS,1667875595
